utc_ms,t,ox,oy,oz,dx,dy,dz,server_recv_utc_ms,session
1765783802245,640.028,0.3029,-0.3314,0.5159,0.7099,-0.1289,-0.6924,1765783825112,20251215T071853Z_bcb7c3e
1765783802260,640.044,0.3029,-0.3314,0.5159,0.7099,-0.1289,-0.6924,1765783825112,20251215T071853Z_bcb7c3e
1765783802278,640.062,0.3029,-0.3314,0.5159,0.7099,-0.129,-0.6924,1765783825112,20251215T071853Z_bcb7c3e
1765783802294,640.078,0.3028,-0.3314,0.5159,0.7098,-0.1291,-0.6924,1765783825112,20251215T071853Z_bcb7c3e
1765783802312,640.095,0.3028,-0.3314,0.5159,0.7099,-0.1289,-0.6924,1765783825112,20251215T071853Z_bcb7c3e
1765783802327,640.111,0.3029,-0.3313,0.5159,0.7099,-0.1288,-0.6924,1765783825112,20251215T071853Z_bcb7c3e
1765783802345,640.128,0.3029,-0.3314,0.5159,0.7099,-0.1288,-0.6924,1765783825112,20251215T071853Z_bcb7c3e
1765783802360,640.144,0.3028,-0.3314,0.516,0.7099,-0.129,-0.6924,1765783825112,20251215T071853Z_bcb7c3e
1765783802380,640.164,0.3028,-0.3314,0.5159,0.7099,-0.1289,-0.6924,1765783825112,20251215T071853Z_bcb7c3e
1765783802396,640.18,0.3028,-0.3314,0.5159,0.7099,-0.1289,-0.6924,1765783825112,20251215T071853Z_bcb7c3e
1765783802413,640.196,0.3028,-0.3314,0.516,0.7099,-0.1287,-0.6924,1765783825112,20251215T071853Z_bcb7c3e
1765783802431,640.214,0.3029,-0.3314,0.516,0.7099,-0.1288,-0.6925,1765783825112,20251215T071853Z_bcb7c3e
1765783802447,640.231,0.3028,-0.3314,0.5159,0.7099,-0.1289,-0.6924,1765783825112,20251215T071853Z_bcb7c3e
1765783802465,640.248,0.3028,-0.3314,0.5159,0.7099,-0.1289,-0.6924,1765783825112,20251215T071853Z_bcb7c3e
1765783802480,640.263,0.3028,-0.3315,0.5159,0.7099,-0.1289,-0.6924,1765783825112,20251215T071853Z_bcb7c3e
1765783802497,640.281,0.3028,-0.3314,0.5159,0.7099,-0.1287,-0.6924,1765783825112,20251215T071853Z_bcb7c3e
1765783802515,640.299,0.3028,-0.3314,0.5159,0.7099,-0.1287,-0.6924,1765783825112,20251215T071853Z_bcb7c3e
1765783802530,640.314,0.3028,-0.3315,0.5159,0.7099,-0.1288,-0.6925,1765783825112,20251215T071853Z_bcb7c3e
1765783802547,640.331,0.3028,-0.3315,0.5159,0.7099,-0.1289,-0.6924,1765783825112,20251215T071853Z_bcb7c3e
1765783802563,640.347,0.3028,-0.3314,0.516,0.7099,-0.1289,-0.6924,1765783825112,20251215T071853Z_bcb7c3e
1765783802580,640.363,0.3028,-0.3314,0.516,0.7099,-0.1288,-0.6924,1765783825112,20251215T071853Z_bcb7c3e
1765783802596,640.38,0.3028,-0.3314,0.516,0.7099,-0.1286,-0.6925,1765783825112,20251215T071853Z_bcb7c3e
1765783802614,640.397,0.3029,-0.3315,0.516,0.7099,-0.1287,-0.6925,1765783825112,20251215T071853Z_bcb7c3e
1765783802629,640.413,0.3028,-0.3315,0.516,0.7098,-0.1289,-0.6925,1765783825112,20251215T071853Z_bcb7c3e
1765783802646,640.43,0.3028,-0.3314,0.5159,0.7098,-0.1289,-0.6925,1765783825112,20251215T071853Z_bcb7c3e
1765783802663,640.446,0.3027,-0.3314,0.516,0.71,-0.1288,-0.6924,1765783825112,20251215T071853Z_bcb7c3e
1765783802682,640.465,0.3028,-0.3314,0.516,0.7099,-0.1285,-0.6925,1765783825112,20251215T071853Z_bcb7c3e
1765783802696,640.48,0.3028,-0.3315,0.516,0.7099,-0.1286,-0.6925,1765783825112,20251215T071853Z_bcb7c3e
1765783802713,640.497,0.3028,-0.3315,0.5159,0.7099,-0.1287,-0.6924,1765783825112,20251215T071853Z_bcb7c3e
1765783802731,640.515,0.3027,-0.3315,0.516,0.7099,-0.1288,-0.6924,1765783825112,20251215T071853Z_bcb7c3e
1765783802746,640.53,0.3027,-0.3314,0.516,0.7099,-0.1289,-0.6924,1765783825112,20251215T071853Z_bcb7c3e
1765783802763,640.546,0.3027,-0.3315,0.5161,0.71,-0.1286,-0.6924,1765783825112,20251215T071853Z_bcb7c3e
1765783802776,640.56,0.3027,-0.3315,0.516,0.71,-0.1286,-0.6924,1765783825112,20251215T071853Z_bcb7c3e
1765783802794,640.578,0.3027,-0.3315,0.5159,0.7099,-0.1287,-0.6924,1765783825112,20251215T071853Z_bcb7c3e
1765783802813,640.597,0.3027,-0.3314,0.5159,0.7099,-0.1291,-0.6923,1765783825112,20251215T071853Z_bcb7c3e
1765783802831,640.614,0.3027,-0.3313,0.5161,0.71,-0.1291,-0.6923,1765783825112,20251215T071853Z_bcb7c3e
1765783802847,640.631,0.3028,-0.3314,0.5162,0.7099,-0.1282,-0.6925,1765783825112,20251215T071853Z_bcb7c3e
1765783802862,640.646,0.3029,-0.3315,0.5162,0.7099,-0.1278,-0.6926,1765783825112,20251215T071853Z_bcb7c3e
1765783802880,640.664,0.3028,-0.3317,0.5158,0.7099,-0.1286,-0.6925,1765783825112,20251215T071853Z_bcb7c3e
1765783802896,640.68,0.3027,-0.3315,0.5158,0.7099,-0.1296,-0.6923,1765783825112,20251215T071853Z_bcb7c3e
1765783802913,640.697,0.3026,-0.3312,0.516,0.71,-0.1295,-0.6922,1765783825112,20251215T071853Z_bcb7c3e
1765783802929,640.713,0.3027,-0.3314,0.5161,0.71,-0.1285,-0.6924,1765783825112,20251215T071853Z_bcb7c3e
1765783802946,640.73,0.3029,-0.3317,0.516,0.7099,-0.1274,-0.6927,1765783825112,20251215T071853Z_bcb7c3e
1765783802961,640.745,0.3029,-0.3317,0.5159,0.7099,-0.1281,-0.6925,1765783825112,20251215T071853Z_bcb7c3e
1765783802980,640.764,0.3028,-0.3315,0.5158,0.7099,-0.1299,-0.6922,1765783825112,20251215T071853Z_bcb7c3e
1765783802996,640.78,0.3026,-0.3313,0.5161,0.71,-0.1299,-0.6921,1765783825112,20251215T071853Z_bcb7c3e
1765783803013,640.796,0.3027,-0.3315,0.5161,0.71,-0.128,-0.6925,1765783825112,20251215T071853Z_bcb7c3e
1765783803029,640.813,0.3028,-0.3318,0.5158,0.71,-0.1268,-0.6927,1765783825112,20251215T071853Z_bcb7c3e
1765783803047,640.83,0.3029,-0.3318,0.5156,0.7099,-0.128,-0.6925,1765783825112,20251215T071853Z_bcb7c3e
1765783803064,640.848,0.3027,-0.3315,0.5158,0.71,-0.1302,-0.6921,1765783825112,20251215T071853Z_bcb7c3e
1765783803080,640.863,0.3026,-0.3314,0.5162,0.7102,-0.1301,-0.6919,1765783825112,20251215T071853Z_bcb7c3e
1765783803096,640.88,0.3027,-0.3315,0.5161,0.71,-0.1278,-0.6925,1765783825112,20251215T071853Z_bcb7c3e
1765783803115,640.898,0.3029,-0.3317,0.5159,0.71,-0.1269,-0.6927,1765783825112,20251215T071853Z_bcb7c3e
1765783803131,640.915,0.3029,-0.3317,0.5157,0.7101,-0.1283,-0.6924,1765783825112,20251215T071853Z_bcb7c3e
1765783803148,640.931,0.3028,-0.3315,0.5158,0.71,-0.13,-0.6921,1765783825112,20251215T071853Z_bcb7c3e
1765783803162,640.945,0.3027,-0.3315,0.5162,0.7102,-0.1297,-0.6919,1765783825112,20251215T071853Z_bcb7c3e
1765783803182,640.965,0.3027,-0.3316,0.5161,0.7101,-0.1279,-0.6924,1765783825112,20251215T071853Z_bcb7c3e
1765783803194,640.978,0.3027,-0.3317,0.5159,0.7101,-0.127,-0.6926,1765783825112,20251215T071853Z_bcb7c3e
1765783803211,640.995,0.3028,-0.3318,0.5158,0.7101,-0.1277,-0.6925,1765783825112,20251215T071853Z_bcb7c3e
1765783803227,641.011,0.3027,-0.3316,0.5158,0.7101,-0.1297,-0.6921,1765783825112,20251215T071853Z_bcb7c3e
1765783803245,641.029,0.3027,-0.3316,0.5162,0.7101,-0.1295,-0.6921,1765783825112,20251215T071853Z_bcb7c3e
1765783803260,641.044,0.3026,-0.3316,0.5163,0.7102,-0.1285,-0.6922,1765783825112,20251215T071853Z_bcb7c3e
1765783803279,641.063,0.3028,-0.3317,0.516,0.71,-0.1273,-0.6926,1765783825112,20251215T071853Z_bcb7c3e
1765783803297,641.08,0.3028,-0.3317,0.5158,0.71,-0.1283,-0.6924,1765783825112,20251215T071853Z_bcb7c3e
1765783803312,641.096,0.3028,-0.3316,0.5159,0.7101,-0.1295,-0.6921,1765783825112,20251215T071853Z_bcb7c3e
1765783803331,641.114,0.3027,-0.3317,0.5161,0.7101,-0.1291,-0.6922,1765783825112,20251215T071853Z_bcb7c3e
1765783803347,641.131,0.3027,-0.3317,0.5162,0.7101,-0.128,-0.6924,1765783825112,20251215T071853Z_bcb7c3e
1765783803364,641.147,0.3028,-0.3318,0.516,0.7101,-0.1275,-0.6925,1765783825112,20251215T071853Z_bcb7c3e
1765783803380,641.164,0.3027,-0.3317,0.5159,0.7101,-0.1284,-0.6923,1765783825112,20251215T071853Z_bcb7c3e
1765783803396,641.18,0.3027,-0.3316,0.516,0.71,-0.1293,-0.6922,1765783825112,20251215T071853Z_bcb7c3e
1765783803412,641.195,0.3027,-0.3316,0.5161,0.71,-0.1292,-0.6922,1765783825112,20251215T071853Z_bcb7c3e
1765783803427,641.211,0.3027,-0.3317,0.5161,0.7101,-0.1282,-0.6924,1765783825112,20251215T071853Z_bcb7c3e
1765783803444,641.228,0.3027,-0.3318,0.516,0.7101,-0.1275,-0.6924,1765783825112,20251215T071853Z_bcb7c3e
1765783803461,641.244,0.3028,-0.3318,0.5158,0.7101,-0.1281,-0.6924,1765783825112,20251215T071853Z_bcb7c3e
1765783803477,641.261,0.3027,-0.3317,0.5159,0.71,-0.1291,-0.6922,1765783825112,20251215T071853Z_bcb7c3e
1765783803495,641.278,0.3027,-0.3317,0.5159,0.71,-0.1291,-0.6922,1765783825112,20251215T071853Z_bcb7c3e
1765783803511,641.295,0.3027,-0.3317,0.516,0.71,-0.1282,-0.6924,1765783825112,20251215T071853Z_bcb7c3e
1765783803528,641.311,0.3027,-0.3317,0.516,0.7101,-0.1277,-0.6924,1765783825112,20251215T071853Z_bcb7c3e
1765783803544,641.328,0.3028,-0.3318,0.5159,0.7101,-0.1281,-0.6924,1765783825112,20251215T071853Z_bcb7c3e
1765783803562,641.345,0.3027,-0.3318,0.5159,0.71,-0.1289,-0.6923,1765783825112,20251215T071853Z_bcb7c3e
1765783803577,641.361,0.3026,-0.3318,0.516,0.71,-0.1289,-0.6923,1765783825112,20251215T071853Z_bcb7c3e
1765783803595,641.378,0.3027,-0.3318,0.516,0.71,-0.1283,-0.6924,1765783825112,20251215T071853Z_bcb7c3e
1765783803610,641.394,0.3027,-0.3318,0.516,0.7101,-0.1277,-0.6924,1765783825112,20251215T071853Z_bcb7c3e
1765783803626,641.41,0.3028,-0.3318,0.5159,0.7101,-0.1281,-0.6923,1765783825112,20251215T071853Z_bcb7c3e
1765783803644,641.427,0.3028,-0.3318,0.5159,0.71,-0.1287,-0.6923,1765783825112,20251215T071853Z_bcb7c3e
1765783803662,641.445,0.3027,-0.3318,0.5159,0.71,-0.1288,-0.6923,1765783825112,20251215T071853Z_bcb7c3e
1765783803679,641.463,0.3027,-0.3318,0.516,0.71,-0.1282,-0.6924,1765783825112,20251215T071853Z_bcb7c3e
1765783803696,641.48,0.3028,-0.3318,0.5159,0.71,-0.128,-0.6924,1765783825112,20251215T071853Z_bcb7c3e
1765783803713,641.497,0.3028,-0.3318,0.516,0.7101,-0.1281,-0.6924,1765783825112,20251215T071853Z_bcb7c3e
1765783803730,641.514,0.3028,-0.3319,0.516,0.71,-0.1285,-0.6923,1765783825112,20251215T071853Z_bcb7c3e
1765783803746,641.53,0.3027,-0.3318,0.5159,0.71,-0.1286,-0.6924,1765783825112,20251215T071853Z_bcb7c3e
1765783803763,641.546,0.3027,-0.3318,0.516,0.71,-0.1283,-0.6924,1765783825112,20251215T071853Z_bcb7c3e
1765783803779,641.563,0.3027,-0.3318,0.5159,0.71,-0.128,-0.6924,1765783825112,20251215T071853Z_bcb7c3e
1765783803797,641.58,0.3028,-0.3318,0.5161,0.7101,-0.1281,-0.6923,1765783825112,20251215T071853Z_bcb7c3e
1765783803813,641.597,0.3028,-0.3319,0.5161,0.7101,-0.1285,-0.6923,1765783825112,20251215T071853Z_bcb7c3e
1765783803830,641.613,0.3028,-0.3319,0.516,0.71,-0.1285,-0.6924,1765783825112,20251215T071853Z_bcb7c3e
1765783803845,641.629,0.3027,-0.3318,0.516,0.71,-0.1283,-0.6924,1765783825112,20251215T071853Z_bcb7c3e
1765783803861,641.645,0.3027,-0.3319,0.516,0.7101,-0.128,-0.6924,1765783825112,20251215T071853Z_bcb7c3e
1765783803883,641.666,0.3028,-0.3319,0.516,0.7101,-0.1281,-0.6924,1765783825112,20251215T071853Z_bcb7c3e
1765783803894,641.678,0.3028,-0.3319,0.516,0.71,-0.1284,-0.6924,1765783825112,20251215T071853Z_bcb7c3e
1765783803910,641.694,0.3027,-0.332,0.5161,0.71,-0.1284,-0.6924,1765783825112,20251215T071853Z_bcb7c3e
1765783803927,641.711,0.3027,-0.3319,0.516,0.71,-0.1283,-0.6924,1765783825112,20251215T071853Z_bcb7c3e
1765783803946,641.729,0.3027,-0.3319,0.516,0.7101,-0.1279,-0.6924,1765783825112,20251215T071853Z_bcb7c3e
1765783803963,641.747,0.3028,-0.3319,0.516,0.71,-0.1281,-0.6924,1765783825112,20251215T071853Z_bcb7c3e
1765783803978,641.762,0.3028,-0.3319,0.516,0.7101,-0.1284,-0.6923,1765783825112,20251215T071853Z_bcb7c3e
1765783803997,641.781,0.3027,-0.3319,0.5161,0.7101,-0.1283,-0.6923,1765783825112,20251215T071853Z_bcb7c3e
1765783804014,641.797,0.3027,-0.3319,0.516,0.71,-0.1282,-0.6925,1765783825112,20251215T071853Z_bcb7c3e
1765783804029,641.813,0.3027,-0.332,0.516,0.71,-0.128,-0.6924,1765783825112,20251215T071853Z_bcb7c3e
1765783804047,641.83,0.3027,-0.332,0.516,0.71,-0.1282,-0.6924,1765783825112,20251215T071853Z_bcb7c3e
1765783804062,641.846,0.3028,-0.3319,0.516,0.71,-0.1283,-0.6924,1765783825112,20251215T071853Z_bcb7c3e
1765783804081,641.864,0.3027,-0.332,0.5161,0.71,-0.1283,-0.6924,1765783825112,20251215T071853Z_bcb7c3e
1765783804096,641.88,0.3027,-0.332,0.516,0.71,-0.1281,-0.6924,1765783825112,20251215T071853Z_bcb7c3e
1765783804115,641.898,0.3027,-0.332,0.516,0.7101,-0.128,-0.6924,1765783825112,20251215T071853Z_bcb7c3e
1765783804131,641.915,0.3027,-0.332,0.516,0.71,-0.1282,-0.6924,1765783825112,20251215T071853Z_bcb7c3e
1765783804146,641.93,0.3027,-0.332,0.516,0.71,-0.1284,-0.6924,1765783825112,20251215T071853Z_bcb7c3e
1765783804160,641.944,0.3027,-0.3319,0.5161,0.7101,-0.1282,-0.6924,1765783825112,20251215T071853Z_bcb7c3e
1765783804178,641.962,0.3027,-0.3319,0.516,0.71,-0.128,-0.6925,1765783825112,20251215T071853Z_bcb7c3e
1765783804194,641.978,0.3027,-0.3319,0.516,0.71,-0.128,-0.6924,1765783825112,20251215T071853Z_bcb7c3e
1765783804211,641.995,0.3027,-0.3319,0.5161,0.7101,-0.1282,-0.6924,1765783825112,20251215T071853Z_bcb7c3e
1765783804228,642.012,0.3028,-0.3319,0.516,0.71,-0.1282,-0.6925,1765783825112,20251215T071853Z_bcb7c3e
1765783804245,642.028,0.3028,-0.3319,0.516,0.71,-0.128,-0.6925,1765783825112,20251215T071853Z_bcb7c3e
1765783804261,642.045,0.3027,-0.3319,0.516,0.71,-0.128,-0.6924,1765783825112,20251215T071853Z_bcb7c3e
1765783804279,642.063,0.3027,-0.3319,0.516,0.71,-0.1281,-0.6924,1765783825112,20251215T071853Z_bcb7c3e
1765783804295,642.079,0.3027,-0.3319,0.516,0.71,-0.1282,-0.6924,1765783825112,20251215T071853Z_bcb7c3e
1765783804313,642.097,0.3027,-0.3319,0.516,0.71,-0.1281,-0.6924,1765783825112,20251215T071853Z_bcb7c3e
1765783804331,642.114,0.3027,-0.3319,0.5161,0.71,-0.128,-0.6924,1765783825112,20251215T071853Z_bcb7c3e
1765783804346,642.13,0.3027,-0.3319,0.5161,0.71,-0.1281,-0.6924,1765783825112,20251215T071853Z_bcb7c3e
1765783804364,642.147,0.3027,-0.3319,0.516,0.71,-0.1282,-0.6924,1765783825112,20251215T071853Z_bcb7c3e
1765783804379,642.163,0.3027,-0.3319,0.5161,0.71,-0.1281,-0.6924,1765783825112,20251215T071853Z_bcb7c3e
1765783804396,642.18,0.3027,-0.3319,0.5161,0.71,-0.1281,-0.6925,1765783825112,20251215T071853Z_bcb7c3e
1765783804413,642.197,0.3027,-0.3319,0.5161,0.71,-0.1281,-0.6925,1765783825112,20251215T071853Z_bcb7c3e
1765783804429,642.213,0.3027,-0.3319,0.5161,0.71,-0.1281,-0.6924,1765783825112,20251215T071853Z_bcb7c3e
1765783804446,642.23,0.3027,-0.3319,0.5162,0.71,-0.1281,-0.6924,1765783825112,20251215T071853Z_bcb7c3e
1765783804463,642.247,0.3027,-0.3319,0.5162,0.7101,-0.128,-0.6924,1765783825112,20251215T071853Z_bcb7c3e
1765783804480,642.263,0.3027,-0.3319,0.5161,0.7101,-0.1281,-0.6924,1765783825112,20251215T071853Z_bcb7c3e
1765783804496,642.28,0.3027,-0.3319,0.5161,0.7101,-0.1282,-0.6924,1765783825112,20251215T071853Z_bcb7c3e
1765783804514,642.297,0.3027,-0.3318,0.5161,0.7101,-0.128,-0.6924,1765783825112,20251215T071853Z_bcb7c3e
1765783804530,642.314,0.3027,-0.3319,0.5161,0.7101,-0.1281,-0.6924,1765783825112,20251215T071853Z_bcb7c3e
1765783804547,642.33,0.3027,-0.3319,0.5161,0.7101,-0.1282,-0.6924,1765783825112,20251215T071853Z_bcb7c3e
1765783804563,642.347,0.3028,-0.3318,0.516,0.71,-0.1282,-0.6925,1765783825112,20251215T071853Z_bcb7c3e
1765783804580,642.363,0.3027,-0.3318,0.516,0.71,-0.128,-0.6924,1765783825112,20251215T071853Z_bcb7c3e
1765783804595,642.379,0.3028,-0.3319,0.516,0.71,-0.128,-0.6924,1765783825112,20251215T071853Z_bcb7c3e
1765783804612,642.396,0.3027,-0.3319,0.516,0.71,-0.1281,-0.6924,1765783825112,20251215T071853Z_bcb7c3e
1765783804630,642.414,0.3027,-0.3319,0.516,0.71,-0.1282,-0.6924,1765783825112,20251215T071853Z_bcb7c3e
1765783804645,642.429,0.3027,-0.3319,0.516,0.7101,-0.1279,-0.6924,1765783825112,20251215T071853Z_bcb7c3e
1765783804663,642.446,0.3028,-0.3319,0.516,0.71,-0.128,-0.6924,1765783825112,20251215T071853Z_bcb7c3e
1765783804681,642.464,0.3027,-0.3319,0.516,0.7101,-0.1281,-0.6924,1765783825112,20251215T071853Z_bcb7c3e
1765783804696,642.479,0.3027,-0.3319,0.5159,0.71,-0.1282,-0.6924,1765783825112,20251215T071853Z_bcb7c3e
1765783804713,642.497,0.3028,-0.3319,0.516,0.71,-0.128,-0.6924,1765783825112,20251215T071853Z_bcb7c3e
1765783804730,642.513,0.3028,-0.3319,0.516,0.7101,-0.1279,-0.6924,1765783825112,20251215T071853Z_bcb7c3e
1765783804746,642.53,0.3028,-0.3319,0.516,0.7101,-0.1281,-0.6924,1765783825112,20251215T071853Z_bcb7c3e
1765783804764,642.547,0.3028,-0.3319,0.516,0.7101,-0.1281,-0.6924,1765783825112,20251215T071853Z_bcb7c3e
1765783804779,642.563,0.3028,-0.3319,0.5159,0.7101,-0.1281,-0.6924,1765783825112,20251215T071853Z_bcb7c3e
1765783804797,642.58,0.3028,-0.3319,0.5159,0.7101,-0.128,-0.6924,1765783825112,20251215T071853Z_bcb7c3e
1765783804813,642.597,0.3029,-0.3319,0.5159,0.71,-0.128,-0.6924,1765783825112,20251215T071853Z_bcb7c3e
1765783804830,642.613,0.3029,-0.3319,0.5159,0.7101,-0.128,-0.6924,1765783825112,20251215T071853Z_bcb7c3e
1765783804846,642.63,0.3029,-0.3319,0.5159,0.7101,-0.128,-0.6924,1765783825112,20251215T071853Z_bcb7c3e
1765783804864,642.647,0.3028,-0.3319,0.5159,0.7101,-0.128,-0.6924,1765783825112,20251215T071853Z_bcb7c3e
1765783804879,642.662,0.3029,-0.3319,0.5158,0.71,-0.128,-0.6924,1765783825112,20251215T071853Z_bcb7c3e
1765783804895,642.679,0.3029,-0.3319,0.5158,0.71,-0.128,-0.6924,1765783825112,20251215T071853Z_bcb7c3e
1765783804913,642.697,0.3029,-0.3319,0.5158,0.7101,-0.1281,-0.6924,1765783825112,20251215T071853Z_bcb7c3e
1765783804929,642.713,0.3028,-0.3319,0.5159,0.7101,-0.1281,-0.6924,1765783825112,20251215T071853Z_bcb7c3e
1765783804946,642.729,0.3028,-0.332,0.5158,0.7101,-0.1279,-0.6924,1765783825112,20251215T071853Z_bcb7c3e
1765783804963,642.747,0.3028,-0.332,0.5157,0.7101,-0.1279,-0.6924,1765783825112,20251215T071853Z_bcb7c3e
1765783804980,642.763,0.3029,-0.332,0.5157,0.7101,-0.128,-0.6924,1765783825112,20251215T071853Z_bcb7c3e
1765783804996,642.78,0.3028,-0.332,0.5158,0.7101,-0.1282,-0.6924,1765783825112,20251215T071853Z_bcb7c3e
1765783805014,642.797,0.3029,-0.3319,0.5158,0.7101,-0.1281,-0.6924,1765783825112,20251215T071853Z_bcb7c3e
1765783805030,642.814,0.3028,-0.332,0.5157,0.7101,-0.1278,-0.6924,1765783825112,20251215T071853Z_bcb7c3e
1765783805047,642.83,0.3029,-0.332,0.5157,0.7101,-0.1279,-0.6924,1765783825112,20251215T071853Z_bcb7c3e
1765783805063,642.847,0.3029,-0.332,0.5156,0.7101,-0.128,-0.6923,1765783825112,20251215T071853Z_bcb7c3e
1765783805078,642.862,0.3028,-0.332,0.5157,0.7101,-0.1283,-0.6923,1765783825112,20251215T071853Z_bcb7c3e
1765783805096,642.88,0.3028,-0.3319,0.5158,0.7101,-0.1279,-0.6924,1765783825112,20251215T071853Z_bcb7c3e
1765783805115,642.898,0.3028,-0.332,0.5156,0.7101,-0.1278,-0.6924,1765783825112,20251215T071853Z_bcb7c3e
1765783805133,642.916,0.3028,-0.332,0.5156,0.7101,-0.1279,-0.6924,1765783825112,20251215T071853Z_bcb7c3e
1765783805148,642.932,0.3029,-0.3319,0.5157,0.7101,-0.1281,-0.6924,1765783825112,20251215T071853Z_bcb7c3e
1765783805162,642.945,0.3029,-0.3319,0.5158,0.7101,-0.1281,-0.6923,1765783825112,20251215T071853Z_bcb7c3e
1765783805177,642.96,0.3029,-0.332,0.5157,0.71,-0.128,-0.6924,1765783825112,20251215T071853Z_bcb7c3e
1765783805193,642.977,0.3029,-0.332,0.5156,0.71,-0.1278,-0.6925,1765783825112,20251215T071853Z_bcb7c3e
1765783805213,642.997,0.3029,-0.332,0.5156,0.7101,-0.1279,-0.6924,1765783825112,20251215T071853Z_bcb7c3e
1765783805231,643.015,0.3029,-0.3319,0.5156,0.7101,-0.1282,-0.6923,1765783825112,20251215T071853Z_bcb7c3e
1765783805247,643.031,0.3029,-0.332,0.5157,0.71,-0.128,-0.6924,1765783825112,20251215T071853Z_bcb7c3e
1765783805264,643.047,0.3029,-0.332,0.5157,0.71,-0.1278,-0.6925,1765783825112,20251215T071853Z_bcb7c3e
1765783805279,643.063,0.3029,-0.332,0.5156,0.7101,-0.1277,-0.6925,1765783825112,20251215T071853Z_bcb7c3e
1765783805294,643.078,0.3029,-0.332,0.5156,0.7101,-0.128,-0.6924,1765783825112,20251215T071853Z_bcb7c3e
1765783805312,643.095,0.3029,-0.332,0.5156,0.7101,-0.128,-0.6924,1765783825112,20251215T071853Z_bcb7c3e
1765783805332,643.116,0.3029,-0.332,0.5157,0.7101,-0.1279,-0.6924,1765783825112,20251215T071853Z_bcb7c3e
1765783805346,643.13,0.303,-0.3321,0.5157,0.71,-0.1278,-0.6925,1765783825112,20251215T071853Z_bcb7c3e
1765783805364,643.147,0.303,-0.332,0.5157,0.7101,-0.1278,-0.6924,1765783825112,20251215T071853Z_bcb7c3e
1765783805380,643.164,0.3029,-0.332,0.5156,0.71,-0.1279,-0.6924,1765783825112,20251215T071853Z_bcb7c3e
1765783805396,643.18,0.3029,-0.332,0.5156,0.71,-0.1278,-0.6925,1765783825112,20251215T071853Z_bcb7c3e
1765783805413,643.196,0.303,-0.332,0.5157,0.71,-0.1277,-0.6925,1765783825112,20251215T071853Z_bcb7c3e
1765783805431,643.214,0.303,-0.332,0.5156,0.71,-0.1278,-0.6925,1765783825112,20251215T071853Z_bcb7c3e
1765783805446,643.23,0.303,-0.332,0.5156,0.7101,-0.128,-0.6924,1765783825112,20251215T071853Z_bcb7c3e
1765783805462,643.246,0.303,-0.332,0.5156,0.7101,-0.1279,-0.6924,1765783825112,20251215T071853Z_bcb7c3e
1765783805476,643.26,0.303,-0.3321,0.5156,0.71,-0.1277,-0.6925,1765783825112,20251215T071853Z_bcb7c3e
1765783805496,643.28,0.303,-0.3321,0.5156,0.7101,-0.1276,-0.6924,1765783825112,20251215T071853Z_bcb7c3e
1765783805513,643.296,0.303,-0.3321,0.5156,0.7101,-0.1278,-0.6925,1765783825112,20251215T071853Z_bcb7c3e
1765783805529,643.313,0.303,-0.3321,0.5156,0.71,-0.1279,-0.6924,1765783825112,20251215T071853Z_bcb7c3e
1765783805545,643.329,0.303,-0.3321,0.5156,0.71,-0.1278,-0.6925,1765783825112,20251215T071853Z_bcb7c3e
1765783805562,643.346,0.303,-0.3321,0.5156,0.7101,-0.1276,-0.6925,1765783825112,20251215T071853Z_bcb7c3e
1765783805581,643.364,0.303,-0.3321,0.5156,0.7101,-0.1275,-0.6925,1765783825112,20251215T071853Z_bcb7c3e
1765783805596,643.38,0.303,-0.3321,0.5156,0.71,-0.1278,-0.6925,1765783825112,20251215T071853Z_bcb7c3e
1765783805614,643.397,0.303,-0.3321,0.5156,0.71,-0.1277,-0.6925,1765783825112,20251215T071853Z_bcb7c3e
1765783805629,643.413,0.303,-0.3321,0.5156,0.71,-0.1277,-0.6925,1765783825112,20251215T071853Z_bcb7c3e
1765783805646,643.43,0.303,-0.3321,0.5156,0.7101,-0.1276,-0.6924,1765783825112,20251215T071853Z_bcb7c3e
1765783805663,643.447,0.303,-0.3321,0.5156,0.7101,-0.1276,-0.6924,1765783825112,20251215T071853Z_bcb7c3e
1765783805678,643.462,0.303,-0.3321,0.5157,0.7101,-0.1275,-0.6925,1765783825112,20251215T071853Z_bcb7c3e
1765783805696,643.48,0.303,-0.3322,0.5157,0.71,-0.1277,-0.6925,1765783825112,20251215T071853Z_bcb7c3e
1765783805712,643.496,0.3029,-0.3321,0.5156,0.7101,-0.1277,-0.6924,1765783825112,20251215T071853Z_bcb7c3e
1765783805730,643.513,0.3029,-0.3321,0.5156,0.7101,-0.1276,-0.6924,1765783825112,20251215T071853Z_bcb7c3e
1765783805747,643.531,0.303,-0.3321,0.5156,0.71,-0.1275,-0.6925,1765783825112,20251215T071853Z_bcb7c3e
1765783805763,643.546,0.303,-0.3321,0.5156,0.7101,-0.1276,-0.6924,1765783825112,20251215T071853Z_bcb7c3e
1765783805780,643.564,0.303,-0.3322,0.5156,0.7101,-0.1276,-0.6925,1765783825112,20251215T071853Z_bcb7c3e
1765783805797,643.58,0.303,-0.3322,0.5156,0.7101,-0.1275,-0.6925,1765783825112,20251215T071853Z_bcb7c3e
1765783805813,643.597,0.303,-0.3322,0.5156,0.71,-0.1276,-0.6925,1765783825112,20251215T071853Z_bcb7c3e
1765783805831,643.614,0.303,-0.3321,0.5156,0.7101,-0.1276,-0.6925,1765783825112,20251215T071853Z_bcb7c3e
1765783805846,643.63,0.3029,-0.3321,0.5157,0.7101,-0.1275,-0.6924,1765783825112,20251215T071853Z_bcb7c3e
1765783805862,643.646,0.303,-0.3322,0.5156,0.71,-0.1276,-0.6926,1765783825112,20251215T071853Z_bcb7c3e
1765783805880,643.664,0.303,-0.3322,0.5156,0.71,-0.1275,-0.6925,1765783825112,20251215T071853Z_bcb7c3e
1765783805898,643.681,0.3029,-0.3322,0.5156,0.7101,-0.1275,-0.6925,1765783825112,20251215T071853Z_bcb7c3e
1765783805913,643.697,0.3029,-0.3321,0.5157,0.7101,-0.1275,-0.6925,1765783825112,20251215T071853Z_bcb7c3e
1765783805931,643.714,0.3029,-0.3321,0.5157,0.7101,-0.1275,-0.6925,1765783825112,20251215T071853Z_bcb7c3e
1765783805947,643.731,0.303,-0.3321,0.5158,0.71,-0.1275,-0.6925,1765783825112,20251215T071853Z_bcb7c3e
1765783805963,643.747,0.303,-0.3321,0.5157,0.71,-0.1276,-0.6926,1765783825112,20251215T071853Z_bcb7c3e
1765783805980,643.763,0.3029,-0.3321,0.5157,0.7101,-0.1275,-0.6925,1765783825112,20251215T071853Z_bcb7c3e
1765783805996,643.78,0.3029,-0.3321,0.5158,0.7101,-0.1275,-0.6925,1765783825112,20251215T071853Z_bcb7c3e
1765783806014,643.797,0.3029,-0.3321,0.5158,0.71,-0.1274,-0.6926,1765783825112,20251215T071853Z_bcb7c3e
1765783806030,643.814,0.3029,-0.3321,0.5158,0.71,-0.1274,-0.6926,1765783825112,20251215T071853Z_bcb7c3e
1765783806047,643.83,0.3029,-0.3321,0.5157,0.71,-0.1274,-0.6926,1765783825112,20251215T071853Z_bcb7c3e
1765783806063,643.847,0.3029,-0.3322,0.5157,0.71,-0.1274,-0.6925,1765783825112,20251215T071853Z_bcb7c3e
1765783806080,643.863,0.3029,-0.3321,0.5157,0.7101,-0.1274,-0.6925,1765783825112,20251215T071853Z_bcb7c3e
1765783806096,643.88,0.3029,-0.3321,0.5157,0.71,-0.1274,-0.6926,1765783825112,20251215T071853Z_bcb7c3e
1765783806115,643.898,0.3029,-0.3321,0.5158,0.71,-0.1273,-0.6926,1765783825112,20251215T071853Z_bcb7c3e
1765783806131,643.915,0.3029,-0.3321,0.5158,0.71,-0.1274,-0.6926,1765783825112,20251215T071853Z_bcb7c3e
1765783806148,643.932,0.3029,-0.3321,0.5158,0.71,-0.1273,-0.6926,1765783825112,20251215T071853Z_bcb7c3e
1765783806162,643.945,0.3029,-0.3321,0.5158,0.71,-0.1274,-0.6926,1765783825112,20251215T071853Z_bcb7c3e
1765783806177,643.961,0.3029,-0.3322,0.5158,0.71,-0.1274,-0.6925,1765783825112,20251215T071853Z_bcb7c3e
1765783806193,643.977,0.3029,-0.3322,0.5158,0.71,-0.1274,-0.6926,1765783825112,20251215T071853Z_bcb7c3e
1765783806210,643.993,0.3029,-0.3321,0.5159,0.71,-0.1274,-0.6926,1765783825112,20251215T071853Z_bcb7c3e
1765783806227,644.011,0.3029,-0.3321,0.5158,0.71,-0.1272,-0.6926,1765783825112,20251215T071853Z_bcb7c3e
1765783806245,644.029,0.3029,-0.3322,0.5158,0.7099,-0.1274,-0.6926,1765783825112,20251215T071853Z_bcb7c3e
1765783806260,644.044,0.3029,-0.3321,0.5158,0.71,-0.1275,-0.6926,1765783825112,20251215T071853Z_bcb7c3e
1765783806278,644.062,0.3029,-0.3321,0.5159,0.71,-0.1273,-0.6926,1765783825112,20251215T071853Z_bcb7c3e
1765783806294,644.078,0.3029,-0.3321,0.5159,0.71,-0.1272,-0.6926,1765783825112,20251215T071853Z_bcb7c3e
1765783806312,644.095,0.303,-0.3322,0.5158,0.7099,-0.1273,-0.6926,1765783825112,20251215T071853Z_bcb7c3e
1765783806328,644.112,0.3029,-0.3321,0.5159,0.71,-0.1273,-0.6926,1765783825112,20251215T071853Z_bcb7c3e
1765783806345,644.128,0.303,-0.3322,0.5159,0.7099,-0.1275,-0.6926,1765783825112,20251215T071853Z_bcb7c3e
1765783806360,644.144,0.3029,-0.3322,0.5159,0.7099,-0.1274,-0.6927,1765783825112,20251215T071853Z_bcb7c3e
1765783806379,644.163,0.303,-0.3321,0.516,0.71,-0.1272,-0.6927,1765783825112,20251215T071853Z_bcb7c3e
1765783806396,644.18,0.303,-0.3321,0.516,0.71,-0.1273,-0.6926,1765783825112,20251215T071853Z_bcb7c3e
1765783806413,644.197,0.303,-0.3321,0.5161,0.71,-0.1274,-0.6926,1765783825112,20251215T071853Z_bcb7c3e
1765783806431,644.214,0.303,-0.3321,0.516,0.7099,-0.1273,-0.6927,1765783825112,20251215T071853Z_bcb7c3e
1765783806446,644.23,0.3029,-0.3321,0.516,0.7099,-0.1272,-0.6927,1765783825112,20251215T071853Z_bcb7c3e
1765783806462,644.246,0.303,-0.3321,0.516,0.7099,-0.1273,-0.6927,1765783825112,20251215T071853Z_bcb7c3e
1765783806480,644.263,0.303,-0.3321,0.516,0.7099,-0.1273,-0.6928,1765783825112,20251215T071853Z_bcb7c3e
1765783806496,644.28,0.303,-0.3321,0.5161,0.7099,-0.1272,-0.6927,1765783825112,20251215T071853Z_bcb7c3e
1765783806514,644.297,0.303,-0.3321,0.516,0.7099,-0.1273,-0.6927,1765783825112,20251215T071853Z_bcb7c3e
1765783806529,644.313,0.303,-0.3321,0.516,0.7099,-0.1273,-0.6927,1765783825112,20251215T071853Z_bcb7c3e
1765783806547,644.33,0.3029,-0.3321,0.516,0.7099,-0.1273,-0.6927,1765783825112,20251215T071853Z_bcb7c3e
1765783806562,644.345,0.3031,-0.3321,0.5161,0.7099,-0.1271,-0.6927,1765783825112,20251215T071853Z_bcb7c3e
1765783806581,644.364,0.303,-0.3321,0.5161,0.7099,-0.1272,-0.6927,1765783825112,20251215T071853Z_bcb7c3e
1765783806595,644.379,0.303,-0.3322,0.516,0.7099,-0.1272,-0.6927,1765783825112,20251215T071853Z_bcb7c3e
1765783806614,644.397,0.303,-0.3321,0.516,0.7099,-0.1273,-0.6927,1765783825112,20251215T071853Z_bcb7c3e
1765783806629,644.413,0.303,-0.3321,0.5161,0.71,-0.1273,-0.6927,1765783825112,20251215T071853Z_bcb7c3e
1765783806648,644.431,0.303,-0.3321,0.5161,0.7099,-0.1271,-0.6927,1765783825112,20251215T071853Z_bcb7c3e
1765783806662,644.445,0.303,-0.3321,0.516,0.7099,-0.1271,-0.6927,1765783825112,20251215T071853Z_bcb7c3e
1765783806679,644.463,0.303,-0.3322,0.516,0.7099,-0.1272,-0.6928,1765783825112,20251215T071853Z_bcb7c3e
1765783806696,644.48,0.303,-0.3322,0.516,0.7099,-0.1273,-0.6927,1765783825112,20251215T071853Z_bcb7c3e
1765783806713,644.497,0.303,-0.3321,0.516,0.7099,-0.1273,-0.6927,1765783825112,20251215T071853Z_bcb7c3e
1765783806730,644.513,0.303,-0.3321,0.5161,0.7099,-0.1271,-0.6928,1765783825112,20251215T071853Z_bcb7c3e
1765783806745,644.529,0.303,-0.3321,0.5161,0.7099,-0.127,-0.6927,1765783825112,20251215T071853Z_bcb7c3e
1765783806763,644.546,0.303,-0.3322,0.516,0.7099,-0.1272,-0.6927,1765783825112,20251215T071853Z_bcb7c3e
1765783806780,644.564,0.303,-0.3322,0.5161,0.7099,-0.1274,-0.6927,1765783825112,20251215T071853Z_bcb7c3e
1765783806795,644.579,0.303,-0.3321,0.5161,0.7099,-0.1274,-0.6927,1765783825112,20251215T071853Z_bcb7c3e
1765783806813,644.597,0.303,-0.3321,0.5161,0.7099,-0.1273,-0.6927,1765783825112,20251215T071853Z_bcb7c3e
1765783806830,644.613,0.303,-0.3322,0.5161,0.71,-0.1271,-0.6927,1765783825112,20251215T071853Z_bcb7c3e
1765783806847,644.631,0.3031,-0.3321,0.5161,0.7099,-0.1271,-0.6927,1765783825112,20251215T071853Z_bcb7c3e
1765783806862,644.646,0.303,-0.3322,0.5161,0.7099,-0.1274,-0.6927,1765783825112,20251215T071853Z_bcb7c3e
1765783806879,644.663,0.303,-0.3322,0.5161,0.7099,-0.1275,-0.6927,1765783825112,20251215T071853Z_bcb7c3e
1765783806895,644.679,0.303,-0.3322,0.5161,0.7099,-0.1273,-0.6927,1765783825112,20251215T071853Z_bcb7c3e
1765783806913,644.697,0.303,-0.3322,0.5161,0.7099,-0.1271,-0.6927,1765783825112,20251215T071853Z_bcb7c3e
1765783806931,644.714,0.3031,-0.3322,0.5161,0.7099,-0.1271,-0.6927,1765783825112,20251215T071853Z_bcb7c3e
1765783806946,644.73,0.3031,-0.3322,0.5161,0.7099,-0.1273,-0.6927,1765783825112,20251215T071853Z_bcb7c3e
1765783806963,644.747,0.303,-0.3322,0.5161,0.7099,-0.1274,-0.6927,1765783825112,20251215T071853Z_bcb7c3e
1765783806978,644.762,0.303,-0.3322,0.5161,0.7099,-0.1273,-0.6927,1765783825112,20251215T071853Z_bcb7c3e
1765783806996,644.78,0.303,-0.3322,0.5161,0.7099,-0.1272,-0.6927,1765783825112,20251215T071853Z_bcb7c3e
1765783807013,644.796,0.303,-0.3322,0.5161,0.71,-0.1271,-0.6927,1765783825112,20251215T071853Z_bcb7c3e
1765783807030,644.814,0.3031,-0.3322,0.5161,0.7099,-0.1272,-0.6927,1765783825112,20251215T071853Z_bcb7c3e
1765783807047,644.83,0.3031,-0.3322,0.5162,0.71,-0.1273,-0.6926,1765783825112,20251215T071853Z_bcb7c3e
1765783807063,644.847,0.3031,-0.3322,0.5162,0.7099,-0.1273,-0.6927,1765783825112,20251215T071853Z_bcb7c3e
1765783807080,644.863,0.3031,-0.3322,0.5162,0.7099,-0.1271,-0.6927,1765783825112,20251215T071853Z_bcb7c3e
1765783807096,644.88,0.3032,-0.3322,0.5161,0.7099,-0.1271,-0.6927,1765783825112,20251215T071853Z_bcb7c3e
1765783807115,644.898,0.3032,-0.3322,0.5161,0.7099,-0.1272,-0.6927,1765783825112,20251215T071853Z_bcb7c3e
1765783807131,644.915,0.3032,-0.3322,0.5161,0.7099,-0.1273,-0.6927,1765783825112,20251215T071853Z_bcb7c3e
1765783807145,644.929,0.3032,-0.3322,0.5161,0.7099,-0.1272,-0.6927,1765783825112,20251215T071853Z_bcb7c3e
1765783807162,644.945,0.3031,-0.3323,0.5161,0.7099,-0.1272,-0.6928,1765783825112,20251215T071853Z_bcb7c3e
1765783807177,644.961,0.3031,-0.3322,0.516,0.7099,-0.127,-0.6927,1765783825112,20251215T071853Z_bcb7c3e
1765783807194,644.978,0.3032,-0.3322,0.516,0.7099,-0.1272,-0.6927,1765783825112,20251215T071853Z_bcb7c3e
1765783807211,644.995,0.3032,-0.3323,0.516,0.7099,-0.1273,-0.6927,1765783825112,20251215T071853Z_bcb7c3e
1765783807227,645.011,0.3032,-0.3323,0.5161,0.7099,-0.1272,-0.6927,1765783825112,20251215T071853Z_bcb7c3e
1765783807245,645.028,0.3032,-0.3322,0.5161,0.7099,-0.1272,-0.6927,1765783825112,20251215T071853Z_bcb7c3e
1765783807260,645.044,0.3033,-0.3322,0.5161,0.7099,-0.1272,-0.6927,1765783825112,20251215T071853Z_bcb7c3e
1765783807278,645.061,0.3033,-0.3323,0.5161,0.7099,-0.1272,-0.6927,1765783825112,20251215T071853Z_bcb7c3e
1765783807294,645.078,0.3033,-0.3323,0.516,0.7098,-0.1271,-0.6928,1765783825112,20251215T071853Z_bcb7c3e
1765783807312,645.095,0.3033,-0.3323,0.516,0.7098,-0.1272,-0.6928,1765783825112,20251215T071853Z_bcb7c3e
1765783807327,645.111,0.3033,-0.3322,0.516,0.7098,-0.1272,-0.6928,1765783825112,20251215T071853Z_bcb7c3e
1765783807345,645.128,0.3033,-0.3323,0.5159,0.7099,-0.1271,-0.6928,1765783825112,20251215T071853Z_bcb7c3e
1765783807360,645.144,0.3033,-0.3323,0.516,0.7098,-0.1271,-0.6928,1765783825112,20251215T071853Z_bcb7c3e
1765783807377,645.161,0.3033,-0.3323,0.516,0.7098,-0.1272,-0.6928,1765783825112,20251215T071853Z_bcb7c3e
1765783807394,645.178,0.3033,-0.3323,0.5159,0.7099,-0.1271,-0.6928,1765783825112,20251215T071853Z_bcb7c3e
1765783807412,645.195,0.3036,-0.3275,0.5156,0.7096,-0.1296,-0.6926,1765783825112,20251215T071853Z_bcb7c3e
1765783807427,645.211,0.3037,-0.3275,0.5156,0.7097,-0.1294,-0.6926,1765783825112,20251215T071853Z_bcb7c3e
1765783807443,645.227,0.3033,-0.3323,0.5159,0.7098,-0.127,-0.6928,1765783825112,20251215T071853Z_bcb7c3e
1765783807461,645.244,0.3033,-0.3323,0.5159,0.7098,-0.1271,-0.6928,1765783825112,20251215T071853Z_bcb7c3e
1765783807477,645.261,0.3033,-0.3323,0.5159,0.7098,-0.1271,-0.6929,1765783825112,20251215T071853Z_bcb7c3e
1765783807494,645.277,0.3034,-0.3323,0.5159,0.7098,-0.1271,-0.6928,1765783825112,20251215T071853Z_bcb7c3e
1765783807511,645.295,0.3034,-0.3322,0.516,0.7099,-0.127,-0.6928,1765783825112,20251215T071853Z_bcb7c3e
1765783807528,645.311,0.3034,-0.3323,0.5159,0.7099,-0.127,-0.6928,1765783825112,20251215T071853Z_bcb7c3e
1765783807544,645.328,0.3034,-0.3323,0.5159,0.7098,-0.127,-0.6928,1765783825112,20251215T071853Z_bcb7c3e
1765783807561,645.344,0.3034,-0.3323,0.5158,0.7098,-0.1271,-0.6928,1765783825112,20251215T071853Z_bcb7c3e
1765783807577,645.361,0.3033,-0.3323,0.5159,0.7098,-0.1271,-0.6928,1765783825112,20251215T071853Z_bcb7c3e
1765783807595,645.378,0.3034,-0.3323,0.5159,0.7099,-0.1269,-0.6928,1765783825112,20251215T071853Z_bcb7c3e
1765783807611,645.395,0.3034,-0.3323,0.5159,0.7098,-0.1269,-0.6929,1765783825112,20251215T071853Z_bcb7c3e
1765783807627,645.411,0.3034,-0.3324,0.5159,0.7098,-0.1269,-0.6929,1765783825112,20251215T071853Z_bcb7c3e
1765783807644,645.428,0.3033,-0.3323,0.5159,0.7098,-0.127,-0.6928,1765783825112,20251215T071853Z_bcb7c3e
1765783807660,645.444,0.3033,-0.3323,0.516,0.7098,-0.127,-0.6928,1765783825112,20251215T071853Z_bcb7c3e
1765783807677,645.461,0.3033,-0.3323,0.516,0.7099,-0.1269,-0.6928,1765783825112,20251215T071853Z_bcb7c3e
1765783807694,645.478,0.3034,-0.3323,0.516,0.7098,-0.1267,-0.6929,1765783825112,20251215T071853Z_bcb7c3e
1765783807711,645.495,0.3034,-0.3324,0.516,0.7098,-0.1267,-0.6929,1765783825112,20251215T071853Z_bcb7c3e
1765783807727,645.511,0.3033,-0.3324,0.5159,0.7098,-0.1269,-0.6929,1765783825112,20251215T071853Z_bcb7c3e
1765783807745,645.528,0.3033,-0.3324,0.5159,0.7098,-0.1269,-0.6928,1765783825112,20251215T071853Z_bcb7c3e
1765783807759,645.543,0.3033,-0.3323,0.5159,0.7098,-0.1268,-0.6929,1765783825112,20251215T071853Z_bcb7c3e
1765783807778,645.561,0.3033,-0.3324,0.5159,0.7098,-0.1266,-0.6929,1765783825112,20251215T071853Z_bcb7c3e
1765783807794,645.578,0.3034,-0.3324,0.5159,0.7099,-0.1266,-0.6929,1765783825112,20251215T071853Z_bcb7c3e
1765783807811,645.594,0.3033,-0.3324,0.5159,0.7098,-0.1269,-0.6929,1765783825112,20251215T071853Z_bcb7c3e
1765783807831,645.614,0.3033,-0.3324,0.516,0.7099,-0.1268,-0.6928,1765783825112,20251215T071853Z_bcb7c3e
1765783807845,645.629,0.3033,-0.3324,0.516,0.7098,-0.1267,-0.6929,1765783825112,20251215T071853Z_bcb7c3e
1765783807860,645.644,0.3033,-0.3323,0.516,0.7099,-0.1264,-0.6929,1765783825112,20251215T071853Z_bcb7c3e
1765783807877,645.661,0.3033,-0.3324,0.516,0.7099,-0.1264,-0.6929,1765783825112,20251215T071853Z_bcb7c3e
1765783807894,645.678,0.3034,-0.3324,0.516,0.7098,-0.1266,-0.6929,1765783825112,20251215T071853Z_bcb7c3e
1765783807912,645.695,0.3033,-0.3324,0.516,0.7098,-0.1268,-0.6929,1765783825112,20251215T071853Z_bcb7c3e
1765783807927,645.711,0.3032,-0.3324,0.5161,0.7098,-0.1267,-0.6929,1765783825112,20251215T071853Z_bcb7c3e
1765783807944,645.728,0.3032,-0.3324,0.5161,0.7098,-0.1264,-0.693,1765783825112,20251215T071853Z_bcb7c3e
1765783807961,645.744,0.3033,-0.3324,0.5161,0.7098,-0.1263,-0.693,1765783825112,20251215T071853Z_bcb7c3e
1765783807977,645.761,0.3033,-0.3324,0.5161,0.7098,-0.1264,-0.693,1765783825112,20251215T071853Z_bcb7c3e
1765783807995,645.778,0.3033,-0.3325,0.5161,0.7097,-0.1266,-0.693,1765783825112,20251215T071853Z_bcb7c3e
1765783808011,645.795,0.3033,-0.3324,0.5161,0.7097,-0.1265,-0.693,1765783825112,20251215T071853Z_bcb7c3e
1765783808028,645.811,0.3032,-0.3325,0.5161,0.7097,-0.1263,-0.6931,1765783825112,20251215T071853Z_bcb7c3e
1765783808044,645.828,0.3033,-0.3325,0.5161,0.7097,-0.1262,-0.6931,1765783825112,20251215T071853Z_bcb7c3e
1765783808061,645.844,0.3033,-0.3325,0.5161,0.7097,-0.1263,-0.6931,1765783825112,20251215T071853Z_bcb7c3e
1765783808078,645.862,0.3033,-0.3325,0.5161,0.7097,-0.1264,-0.6931,1765783825112,20251215T071853Z_bcb7c3e
1765783808095,645.878,0.3033,-0.3325,0.5162,0.7096,-0.1264,-0.6931,1765783825112,20251215T071853Z_bcb7c3e
1765783808111,645.895,0.3032,-0.3325,0.5162,0.7097,-0.1262,-0.6931,1765783825112,20251215T071853Z_bcb7c3e
1765783808129,645.912,0.3033,-0.3325,0.5163,0.7097,-0.1261,-0.6932,1765783825112,20251215T071853Z_bcb7c3e
1765783808146,645.93,0.3033,-0.3325,0.5163,0.7097,-0.1262,-0.6931,1765783825112,20251215T071853Z_bcb7c3e
1765783808160,645.944,0.304,-0.3327,0.5144,0.7138,-0.1278,-0.6886,1765783825112,20251215T071853Z_bcb7c3e
1765783808177,645.961,0.3039,-0.3327,0.5145,0.7139,-0.1278,-0.6885,1765783825112,20251215T071853Z_bcb7c3e
1765783808193,645.977,0.304,-0.3332,0.5145,0.7138,-0.1274,-0.6887,1765783825112,20251215T071853Z_bcb7c3e
1765783808211,645.995,0.3039,-0.3332,0.5146,0.7138,-0.1274,-0.6887,1765783825112,20251215T071853Z_bcb7c3e
1765783808227,646.011,0.3039,-0.3332,0.5147,0.7136,-0.1274,-0.6889,1765783825112,20251215T071853Z_bcb7c3e
1765783808244,646.027,0.3039,-0.3332,0.5146,0.7136,-0.1274,-0.6889,1765783825112,20251215T071853Z_bcb7c3e
1765783808260,646.044,0.3039,-0.3332,0.5148,0.7134,-0.1272,-0.6892,1765783825112,20251215T071853Z_bcb7c3e
1765783808278,646.061,0.3038,-0.3331,0.5149,0.7129,-0.1271,-0.6896,1765783825112,20251215T071853Z_bcb7c3e
1765783808294,646.078,0.3039,-0.3332,0.5147,0.7133,-0.1272,-0.6892,1765783825112,20251215T071853Z_bcb7c3e
1765783808312,646.095,0.3038,-0.3331,0.515,0.7127,-0.127,-0.6899,1765783825112,20251215T071853Z_bcb7c3e
1765783808327,646.111,0.3037,-0.333,0.5152,0.7121,-0.1269,-0.6905,1765783825112,20251215T071853Z_bcb7c3e
1765783808345,646.128,0.3039,-0.3333,0.5146,0.7139,-0.1273,-0.6886,1765783825112,20251215T071853Z_bcb7c3e
1765783808360,646.144,0.3039,-0.3331,0.515,0.713,-0.127,-0.6896,1765783825112,20251215T071853Z_bcb7c3e
1765783808377,646.161,0.3039,-0.3332,0.5149,0.713,-0.127,-0.6896,1765783825112,20251215T071853Z_bcb7c3e
1765783808394,646.177,0.304,-0.3333,0.5145,0.7138,-0.1274,-0.6886,1765783825112,20251215T071853Z_bcb7c3e
1765783808412,646.195,0.304,-0.3333,0.5146,0.7138,-0.1273,-0.6887,1765783825112,20251215T071853Z_bcb7c3e
1765783808427,646.211,0.304,-0.3333,0.5146,0.7138,-0.1273,-0.6887,1765783825112,20251215T071853Z_bcb7c3e
1765783808444,646.228,0.304,-0.3333,0.5146,0.7137,-0.1272,-0.6888,1765783825112,20251215T071853Z_bcb7c3e
1765783808461,646.244,0.304,-0.3334,0.5146,0.7137,-0.1273,-0.6888,1765783825112,20251215T071853Z_bcb7c3e
1765783808477,646.261,0.304,-0.3334,0.5147,0.7138,-0.1272,-0.6887,1765783825112,20251215T071853Z_bcb7c3e
1765783808495,646.278,0.3039,-0.3334,0.5146,0.7138,-0.1272,-0.6887,1765783825112,20251215T071853Z_bcb7c3e
1765783808510,646.294,0.304,-0.3334,0.5147,0.7137,-0.1271,-0.6888,1765783825112,20251215T071853Z_bcb7c3e
1765783808528,646.312,0.304,-0.3334,0.5148,0.7137,-0.1271,-0.6888,1765783825112,20251215T071853Z_bcb7c3e
1765783808544,646.328,0.304,-0.3334,0.5148,0.7137,-0.1272,-0.6888,1765783825112,20251215T071853Z_bcb7c3e
1765783808561,646.344,0.304,-0.3334,0.5148,0.7137,-0.1272,-0.6888,1765783825112,20251215T071853Z_bcb7c3e
1765783808578,646.362,0.304,-0.3334,0.5147,0.7137,-0.1271,-0.6889,1765783825112,20251215T071853Z_bcb7c3e
1765783808595,646.378,0.3039,-0.3335,0.5148,0.7137,-0.127,-0.6889,1765783825112,20251215T071853Z_bcb7c3e
1765783808611,646.395,0.304,-0.3334,0.5148,0.7137,-0.127,-0.6889,1765783825112,20251215T071853Z_bcb7c3e
1765783808627,646.411,0.304,-0.3334,0.5149,0.7136,-0.127,-0.6889,1765783825112,20251215T071853Z_bcb7c3e
1765783808644,646.428,0.304,-0.3335,0.5148,0.7136,-0.127,-0.6889,1765783825112,20251215T071853Z_bcb7c3e
1765783808660,646.444,0.3039,-0.3335,0.5148,0.7136,-0.1271,-0.6889,1765783825112,20251215T071853Z_bcb7c3e
1765783808678,646.462,0.304,-0.3335,0.5149,0.7136,-0.127,-0.6889,1765783825112,20251215T071853Z_bcb7c3e
1765783808696,646.479,0.304,-0.3335,0.5149,0.7136,-0.1269,-0.689,1765783825112,20251215T071853Z_bcb7c3e
1765783808711,646.495,0.304,-0.3335,0.5149,0.7136,-0.1268,-0.689,1765783825112,20251215T071853Z_bcb7c3e
1765783808727,646.511,0.304,-0.3335,0.5149,0.7136,-0.1269,-0.689,1765783825112,20251215T071853Z_bcb7c3e
1765783808745,646.528,0.304,-0.3335,0.5149,0.7135,-0.1269,-0.6891,1765783825112,20251215T071853Z_bcb7c3e
1765783808760,646.544,0.3039,-0.3335,0.515,0.7136,-0.127,-0.6889,1765783825112,20251215T071853Z_bcb7c3e
1765783808778,646.561,0.304,-0.3335,0.515,0.7136,-0.1268,-0.689,1765783825112,20251215T071853Z_bcb7c3e
1765783808794,646.578,0.304,-0.3335,0.515,0.7135,-0.1268,-0.689,1765783825112,20251215T071853Z_bcb7c3e
1765783808811,646.594,0.3041,-0.3336,0.515,0.7135,-0.1268,-0.6891,1765783825112,20251215T071853Z_bcb7c3e
1765783808827,646.611,0.304,-0.3336,0.515,0.7136,-0.1269,-0.689,1765783825112,20251215T071853Z_bcb7c3e
1765783808845,646.628,0.304,-0.3335,0.515,0.7135,-0.1269,-0.6891,1765783825112,20251215T071853Z_bcb7c3e
1765783808860,646.644,0.304,-0.3336,0.5151,0.7136,-0.1267,-0.689,1765783825112,20251215T071853Z_bcb7c3e
1765783808879,646.662,0.304,-0.3336,0.515,0.7136,-0.1266,-0.6891,1765783825112,20251215T071853Z_bcb7c3e
1765783808894,646.678,0.304,-0.3336,0.5151,0.7136,-0.1267,-0.6891,1765783825112,20251215T071853Z_bcb7c3e
1765783808912,646.695,0.3041,-0.3336,0.5151,0.7136,-0.1268,-0.689,1765783825112,20251215T071853Z_bcb7c3e
1765783808927,646.711,0.3041,-0.3336,0.5151,0.7135,-0.1268,-0.6891,1765783825112,20251215T071853Z_bcb7c3e
1765783808944,646.728,0.3041,-0.3336,0.515,0.7136,-0.1266,-0.6891,1765783825112,20251215T071853Z_bcb7c3e
1765783808960,646.743,0.3041,-0.3336,0.515,0.7135,-0.1267,-0.6891,1765783825112,20251215T071853Z_bcb7c3e
1765783808977,646.761,0.3041,-0.3336,0.515,0.7135,-0.1268,-0.6891,1765783825112,20251215T071853Z_bcb7c3e
1765783808994,646.777,0.3041,-0.3336,0.515,0.7136,-0.1267,-0.689,1765783825112,20251215T071853Z_bcb7c3e
1765783809010,646.794,0.3041,-0.3336,0.5149,0.7135,-0.1267,-0.6891,1765783825112,20251215T071853Z_bcb7c3e
1765783809028,646.811,0.3041,-0.3336,0.515,0.7135,-0.1266,-0.6891,1765783825112,20251215T071853Z_bcb7c3e
1765783809044,646.828,0.3041,-0.3336,0.515,0.7136,-0.1267,-0.6891,1765783825112,20251215T071853Z_bcb7c3e
1765783809061,646.844,0.3041,-0.3336,0.515,0.7135,-0.1268,-0.6891,1765783825112,20251215T071853Z_bcb7c3e
1765783809077,646.861,0.3041,-0.3336,0.515,0.7135,-0.1267,-0.6891,1765783825112,20251215T071853Z_bcb7c3e
1765783809095,646.878,0.3041,-0.3336,0.515,0.7135,-0.1266,-0.6891,1765783825112,20251215T071853Z_bcb7c3e
1765783809112,646.896,0.3041,-0.3336,0.515,0.7135,-0.1266,-0.6891,1765783825112,20251215T071853Z_bcb7c3e
1765783809127,646.911,0.3041,-0.3336,0.515,0.7135,-0.1266,-0.6891,1765783825112,20251215T071853Z_bcb7c3e
1765783809145,646.929,0.3042,-0.3336,0.515,0.7135,-0.1267,-0.6891,1765783825112,20251215T071853Z_bcb7c3e
1765783809160,646.944,0.3041,-0.3336,0.515,0.7135,-0.1267,-0.6891,1765783825112,20251215T071853Z_bcb7c3e
1765783809177,646.96,0.3041,-0.3337,0.515,0.7135,-0.1267,-0.6891,1765783825112,20251215T071853Z_bcb7c3e
1765783809194,646.978,0.3041,-0.3336,0.5149,0.7135,-0.1266,-0.6891,1765783825112,20251215T071853Z_bcb7c3e
1765783809211,646.994,0.3041,-0.3337,0.515,0.7135,-0.1266,-0.6891,1765783825112,20251215T071853Z_bcb7c3e
1765783809227,647.011,0.3041,-0.3336,0.515,0.7135,-0.1266,-0.6891,1765783825112,20251215T071853Z_bcb7c3e
1765783809245,647.029,0.3041,-0.3336,0.515,0.7135,-0.1266,-0.6891,1765783825112,20251215T071853Z_bcb7c3e
1765783809260,647.044,0.3041,-0.3337,0.515,0.7135,-0.1266,-0.6891,1765783825112,20251215T071853Z_bcb7c3e
1765783809278,647.061,0.3041,-0.3337,0.515,0.7135,-0.1264,-0.6892,1765783825112,20251215T071853Z_bcb7c3e
1765783809293,647.077,0.3041,-0.3337,0.515,0.7135,-0.1265,-0.6892,1765783825112,20251215T071853Z_bcb7c3e
1765783809312,647.095,0.3042,-0.3337,0.5151,0.7135,-0.1265,-0.6891,1765783825112,20251215T071853Z_bcb7c3e
1765783809327,647.111,0.3041,-0.3337,0.5151,0.7134,-0.1266,-0.6892,1765783825112,20251215T071853Z_bcb7c3e
1765783809345,647.128,0.3042,-0.3337,0.5151,0.7134,-0.1265,-0.6892,1765783825112,20251215T071853Z_bcb7c3e
1765783809360,647.144,0.3041,-0.3337,0.5151,0.7135,-0.1264,-0.6892,1765783825112,20251215T071853Z_bcb7c3e
1765783809377,647.161,0.3042,-0.3337,0.5151,0.7135,-0.1264,-0.6892,1765783825112,20251215T071853Z_bcb7c3e
1765783809395,647.179,0.3042,-0.3337,0.5151,0.7134,-0.1265,-0.6892,1765783825112,20251215T071853Z_bcb7c3e
1765783809410,647.194,0.3042,-0.3337,0.5151,0.7134,-0.1266,-0.6892,1765783825112,20251215T071853Z_bcb7c3e
1765783809427,647.211,0.3041,-0.3337,0.5151,0.7135,-0.1264,-0.6892,1765783825112,20251215T071853Z_bcb7c3e
1765783809443,647.227,0.3042,-0.3337,0.5151,0.7135,-0.1263,-0.6892,1765783825112,20251215T071853Z_bcb7c3e
1765783809461,647.244,0.3042,-0.3337,0.5151,0.7135,-0.1264,-0.6892,1765783825112,20251215T071853Z_bcb7c3e
1765783809477,647.261,0.3043,-0.3337,0.5151,0.7135,-0.1264,-0.6892,1765783825112,20251215T071853Z_bcb7c3e
1765783809495,647.278,0.3042,-0.3337,0.5152,0.7134,-0.1265,-0.6892,1765783825112,20251215T071853Z_bcb7c3e
1765783809510,647.294,0.3042,-0.3337,0.5151,0.7135,-0.1263,-0.6892,1765783825112,20251215T071853Z_bcb7c3e
1765783809528,647.311,0.3042,-0.3337,0.5151,0.7134,-0.1263,-0.6893,1765783825112,20251215T071853Z_bcb7c3e
1765783809544,647.328,0.3043,-0.3337,0.5151,0.7135,-0.1263,-0.6892,1765783825112,20251215T071853Z_bcb7c3e
1765783809561,647.344,0.3043,-0.3337,0.5151,0.7134,-0.1264,-0.6893,1765783825112,20251215T071853Z_bcb7c3e
1765783809578,647.362,0.3042,-0.3337,0.5152,0.7134,-0.1262,-0.6893,1765783825112,20251215T071853Z_bcb7c3e
1765783809595,647.378,0.3042,-0.3338,0.5152,0.7134,-0.1262,-0.6893,1765783825112,20251215T071853Z_bcb7c3e
1765783809611,647.395,0.3042,-0.3337,0.5151,0.7134,-0.1262,-0.6893,1765783825112,20251215T071853Z_bcb7c3e
1765783809629,647.412,0.3042,-0.3338,0.5152,0.7134,-0.1263,-0.6893,1765783825112,20251215T071853Z_bcb7c3e
1765783809644,647.428,0.3043,-0.3337,0.5151,0.7133,-0.1263,-0.6894,1765783825112,20251215T071853Z_bcb7c3e
1765783809660,647.444,0.3042,-0.3338,0.5152,0.7134,-0.1261,-0.6893,1765783825112,20251215T071853Z_bcb7c3e
1765783809677,647.461,0.3043,-0.3338,0.5152,0.7133,-0.1261,-0.6894,1765783825112,20251215T071853Z_bcb7c3e
1765783809694,647.478,0.3042,-0.3338,0.5152,0.7133,-0.1262,-0.6893,1765783825112,20251215T071853Z_bcb7c3e
1765783809711,647.495,0.3043,-0.3337,0.5152,0.7133,-0.1262,-0.6894,1765783825112,20251215T071853Z_bcb7c3e
1765783809728,647.512,0.3043,-0.3338,0.5152,0.7133,-0.1261,-0.6894,1765783825112,20251215T071853Z_bcb7c3e
1765783809745,647.528,0.3042,-0.3338,0.5152,0.7133,-0.1262,-0.6894,1765783825112,20251215T071853Z_bcb7c3e
1765783809760,647.544,0.3042,-0.3338,0.5152,0.7134,-0.1261,-0.6894,1765783825112,20251215T071853Z_bcb7c3e
1765783809778,647.561,0.3043,-0.3338,0.5152,0.7134,-0.1261,-0.6894,1765783825112,20251215T071853Z_bcb7c3e
1765783809795,647.579,0.3043,-0.3338,0.5152,0.7133,-0.1261,-0.6894,1765783825112,20251215T071853Z_bcb7c3e
1765783809812,647.595,0.3043,-0.3338,0.5152,0.7133,-0.1261,-0.6894,1765783825112,20251215T071853Z_bcb7c3e
1765783809828,647.612,0.3042,-0.3338,0.5152,0.7134,-0.126,-0.6893,1765783825112,20251215T071853Z_bcb7c3e
1765783809845,647.628,0.3043,-0.3338,0.5151,0.7133,-0.1261,-0.6894,1765783825112,20251215T071853Z_bcb7c3e
1765783809861,647.645,0.3042,-0.3338,0.5152,0.7134,-0.1261,-0.6893,1765783825112,20251215T071853Z_bcb7c3e
1765783809877,647.661,0.3043,-0.3338,0.5152,0.7134,-0.1261,-0.6893,1765783825112,20251215T071853Z_bcb7c3e
1765783809894,647.678,0.3043,-0.3339,0.5152,0.7133,-0.1261,-0.6894,1765783825112,20251215T071853Z_bcb7c3e
1765783809912,647.695,0.3043,-0.3338,0.5152,0.7134,-0.1261,-0.6894,1765783825112,20251215T071853Z_bcb7c3e
1765783809927,647.711,0.3043,-0.3338,0.5152,0.7134,-0.1261,-0.6893,1765783825112,20251215T071853Z_bcb7c3e
1765783809944,647.728,0.3044,-0.3338,0.5152,0.7133,-0.126,-0.6894,1765783825112,20251215T071853Z_bcb7c3e
1765783809961,647.744,0.3043,-0.3338,0.5152,0.7134,-0.1261,-0.6893,1765783825112,20251215T071853Z_bcb7c3e
1765783809976,647.76,0.3044,-0.3338,0.5152,0.7134,-0.1261,-0.6893,1765783825112,20251215T071853Z_bcb7c3e
1765783809995,647.778,0.3043,-0.3339,0.5152,0.7134,-0.1261,-0.6893,1765783825112,20251215T071853Z_bcb7c3e
1765783810013,647.796,0.3043,-0.3339,0.5151,0.7134,-0.1261,-0.6893,1765783825112,20251215T071853Z_bcb7c3e
1765783810033,647.816,0.3043,-0.3339,0.5151,0.7134,-0.1261,-0.6894,1765783825112,20251215T071853Z_bcb7c3e
1765783810045,647.829,0.3043,-0.3339,0.5152,0.7134,-0.126,-0.6893,1765783825112,20251215T071853Z_bcb7c3e
1765783810061,647.844,0.3044,-0.3339,0.5151,0.7134,-0.126,-0.6894,1765783825112,20251215T071853Z_bcb7c3e
1765783810078,647.862,0.3043,-0.3339,0.5151,0.7133,-0.1261,-0.6894,1765783825112,20251215T071853Z_bcb7c3e
1765783810095,647.878,0.3043,-0.3339,0.5151,0.7134,-0.126,-0.6893,1765783825112,20251215T071853Z_bcb7c3e
1765783810111,647.895,0.3043,-0.3339,0.5151,0.7133,-0.126,-0.6894,1765783825112,20251215T071853Z_bcb7c3e
1765783810127,647.911,0.3044,-0.3339,0.5152,0.7133,-0.126,-0.6894,1765783825112,20251215T071853Z_bcb7c3e
1765783810145,647.929,0.3044,-0.3339,0.5152,0.7134,-0.126,-0.6893,1765783825112,20251215T071853Z_bcb7c3e
1765783810162,647.945,0.3044,-0.334,0.5152,0.7134,-0.126,-0.6894,1765783825112,20251215T071853Z_bcb7c3e
1765783810177,647.96,0.3044,-0.3339,0.5152,0.7133,-0.126,-0.6894,1765783825112,20251215T071853Z_bcb7c3e
1765783810193,647.977,0.3044,-0.334,0.5152,0.7134,-0.1261,-0.6894,1765783825112,20251215T071853Z_bcb7c3e
1765783810211,647.994,0.3044,-0.3339,0.5152,0.7133,-0.126,-0.6894,1765783825112,20251215T071853Z_bcb7c3e
1765783810227,648.011,0.3044,-0.3339,0.5152,0.7134,-0.1259,-0.6894,1765783825112,20251215T071853Z_bcb7c3e
1765783810244,648.027,0.3044,-0.3339,0.5152,0.7133,-0.1259,-0.6895,1765783825112,20251215T071853Z_bcb7c3e
1765783810260,648.044,0.3044,-0.334,0.5152,0.7133,-0.1259,-0.6894,1765783825112,20251215T071853Z_bcb7c3e
1765783810278,648.062,0.3044,-0.334,0.5152,0.7133,-0.126,-0.6894,1765783825112,20251215T071853Z_bcb7c3e
1765783810294,648.078,0.3044,-0.3339,0.5152,0.7133,-0.126,-0.6895,1765783825112,20251215T071853Z_bcb7c3e
1765783810311,648.094,0.3043,-0.334,0.5153,0.7133,-0.1258,-0.6894,1765783825112,20251215T071853Z_bcb7c3e
1765783810327,648.111,0.3044,-0.334,0.5152,0.7133,-0.1257,-0.6895,1765783825112,20251215T071853Z_bcb7c3e
1765783810345,648.128,0.3044,-0.334,0.5152,0.7133,-0.1258,-0.6895,1765783825112,20251215T071853Z_bcb7c3e
1765783810360,648.144,0.3044,-0.334,0.5152,0.7133,-0.1259,-0.6895,1765783825112,20251215T071853Z_bcb7c3e
1765783810379,648.162,0.3043,-0.334,0.5153,0.7133,-0.126,-0.6895,1765783825112,20251215T071853Z_bcb7c3e
1765783810394,648.178,0.3044,-0.334,0.5152,0.7133,-0.1258,-0.6895,1765783825112,20251215T071853Z_bcb7c3e
1765783810412,648.195,0.3044,-0.334,0.5152,0.7133,-0.1256,-0.6895,1765783825112,20251215T071853Z_bcb7c3e
1765783810427,648.211,0.3044,-0.334,0.5152,0.7133,-0.1257,-0.6895,1765783825112,20251215T071853Z_bcb7c3e
1765783810444,648.228,0.3043,-0.334,0.5152,0.7133,-0.1258,-0.6895,1765783825112,20251215T071853Z_bcb7c3e
1765783810461,648.244,0.3044,-0.334,0.5152,0.7133,-0.1258,-0.6895,1765783825112,20251215T071853Z_bcb7c3e
1765783810477,648.261,0.3043,-0.334,0.5153,0.7133,-0.1258,-0.6895,1765783825112,20251215T071853Z_bcb7c3e
1765783810495,648.278,0.3044,-0.334,0.5152,0.7133,-0.1257,-0.6895,1765783825112,20251215T071853Z_bcb7c3e
1765783810510,648.294,0.3043,-0.334,0.5152,0.7133,-0.1258,-0.6895,1765783825112,20251215T071853Z_bcb7c3e
1765783810528,648.312,0.3044,-0.334,0.5152,0.7132,-0.1259,-0.6895,1765783825112,20251215T071853Z_bcb7c3e
1765783810544,648.328,0.3043,-0.334,0.5153,0.7133,-0.1259,-0.6894,1765783825112,20251215T071853Z_bcb7c3e
1765783810561,648.344,0.3044,-0.334,0.5153,0.7133,-0.1257,-0.6895,1765783825112,20251215T071853Z_bcb7c3e
1765783810577,648.361,0.3043,-0.334,0.5152,0.7133,-0.1258,-0.6895,1765783825112,20251215T071853Z_bcb7c3e
1765783810595,648.378,0.3043,-0.334,0.5152,0.7133,-0.1258,-0.6895,1765783825112,20251215T071853Z_bcb7c3e
1765783810611,648.395,0.3043,-0.334,0.5152,0.7133,-0.1259,-0.6894,1765783825112,20251215T071853Z_bcb7c3e
1765783810627,648.411,0.3043,-0.334,0.5152,0.7133,-0.1258,-0.6895,1765783825112,20251215T071853Z_bcb7c3e
1765783810644,648.427,0.3043,-0.334,0.5152,0.7133,-0.1257,-0.6895,1765783825112,20251215T071853Z_bcb7c3e
1765783810660,648.444,0.3043,-0.334,0.5152,0.7133,-0.1258,-0.6895,1765783825112,20251215T071853Z_bcb7c3e
1765783810681,648.464,0.3043,-0.334,0.5151,0.7133,-0.1258,-0.6895,1765783825112,20251215T071853Z_bcb7c3e
1765783810693,648.477,0.3043,-0.334,0.5152,0.7133,-0.1258,-0.6895,1765783825112,20251215T071853Z_bcb7c3e
1765783810711,648.495,0.3043,-0.334,0.5152,0.7133,-0.1258,-0.6895,1765783825112,20251215T071853Z_bcb7c3e
1765783810728,648.512,0.3043,-0.334,0.5151,0.7133,-0.1258,-0.6895,1765783825112,20251215T071853Z_bcb7c3e
1765783810745,648.528,0.3042,-0.334,0.5151,0.7133,-0.1258,-0.6895,1765783825112,20251215T071853Z_bcb7c3e
1765783810760,648.544,0.3043,-0.334,0.5151,0.7133,-0.1257,-0.6895,1765783825112,20251215T071853Z_bcb7c3e
1765783810778,648.561,0.3043,-0.334,0.5152,0.7133,-0.1258,-0.6895,1765783825112,20251215T071853Z_bcb7c3e
1765783810794,648.578,0.3043,-0.334,0.5151,0.7133,-0.1256,-0.6895,1765783825112,20251215T071853Z_bcb7c3e
1765783810812,648.595,0.3043,-0.3341,0.5151,0.7133,-0.1257,-0.6895,1765783825112,20251215T071853Z_bcb7c3e
1765783810827,648.611,0.3043,-0.3341,0.5151,0.7133,-0.1258,-0.6895,1765783825112,20251215T071853Z_bcb7c3e
1765783810845,648.628,0.3043,-0.334,0.5151,0.7133,-0.1258,-0.6895,1765783825112,20251215T071853Z_bcb7c3e
1765783810860,648.644,0.3043,-0.334,0.5152,0.7133,-0.1257,-0.6895,1765783825112,20251215T071853Z_bcb7c3e
1765783810877,648.661,0.3043,-0.334,0.5151,0.7133,-0.1256,-0.6895,1765783825112,20251215T071853Z_bcb7c3e
1765783810894,648.678,0.3044,-0.3341,0.5151,0.7133,-0.1258,-0.6895,1765783825112,20251215T071853Z_bcb7c3e
1765783810912,648.695,0.3043,-0.334,0.5151,0.7133,-0.1257,-0.6895,1765783825112,20251215T071853Z_bcb7c3e
1765783810927,648.711,0.3043,-0.3341,0.5151,0.7133,-0.1257,-0.6895,1765783825112,20251215T071853Z_bcb7c3e
1765783810944,648.728,0.3043,-0.3341,0.5151,0.7133,-0.1256,-0.6895,1765783825112,20251215T071853Z_bcb7c3e
1765783810961,648.744,0.3044,-0.3341,0.5151,0.7133,-0.1256,-0.6896,1765783825112,20251215T071853Z_bcb7c3e
1765783810977,648.761,0.3043,-0.3341,0.5151,0.7133,-0.1256,-0.6895,1765783825112,20251215T071853Z_bcb7c3e
1765783810995,648.778,0.3044,-0.334,0.5151,0.7133,-0.1258,-0.6895,1765783825112,20251215T071853Z_bcb7c3e
1765783811011,648.795,0.3044,-0.3341,0.5151,0.7133,-0.1258,-0.6895,1765783825112,20251215T071853Z_bcb7c3e
1765783811028,648.811,0.3044,-0.3341,0.5151,0.7133,-0.1255,-0.6896,1765783825112,20251215T071853Z_bcb7c3e
1765783811044,648.828,0.3043,-0.3341,0.5151,0.7133,-0.1256,-0.6895,1765783825112,20251215T071853Z_bcb7c3e
1765783811059,648.843,0.3044,-0.3341,0.5151,0.7132,-0.1257,-0.6895,1765783825112,20251215T071853Z_bcb7c3e
1765783811077,648.861,0.3043,-0.3341,0.5151,0.7132,-0.1257,-0.6896,1765783825112,20251215T071853Z_bcb7c3e
1765783811095,648.878,0.3044,-0.3341,0.5151,0.7133,-0.1255,-0.6896,1765783825112,20251215T071853Z_bcb7c3e
1765783811112,648.896,0.3044,-0.3341,0.5151,0.7132,-0.1256,-0.6896,1765783825112,20251215T071853Z_bcb7c3e
1765783811129,648.913,0.3044,-0.3341,0.5151,0.7133,-0.1257,-0.6895,1765783825112,20251215T071853Z_bcb7c3e
1765783811145,648.929,0.3044,-0.3341,0.5151,0.7133,-0.1256,-0.6895,1765783825112,20251215T071853Z_bcb7c3e
1765783811160,648.944,0.3044,-0.3341,0.5152,0.7132,-0.1256,-0.6896,1765783825112,20251215T071853Z_bcb7c3e
1765783811177,648.96,0.3044,-0.3341,0.5152,0.7132,-0.1256,-0.6896,1765783825112,20251215T071853Z_bcb7c3e
1765783811194,648.978,0.3044,-0.3341,0.5151,0.7133,-0.1255,-0.6895,1765783825112,20251215T071853Z_bcb7c3e
1765783811211,648.995,0.3044,-0.3342,0.5151,0.7132,-0.1257,-0.6896,1765783825112,20251215T071853Z_bcb7c3e
1765783811227,649.011,0.3044,-0.3342,0.5152,0.7132,-0.1255,-0.6896,1765783825112,20251215T071853Z_bcb7c3e
1765783811245,649.028,0.3044,-0.3342,0.5152,0.7132,-0.1255,-0.6896,1765783825112,20251215T071853Z_bcb7c3e
1765783811260,649.044,0.3044,-0.3342,0.5152,0.7132,-0.1255,-0.6896,1765783825112,20251215T071853Z_bcb7c3e
1765783811278,649.061,0.3044,-0.3342,0.5151,0.7132,-0.1256,-0.6896,1765783825112,20251215T071853Z_bcb7c3e
1765783811294,649.078,0.3044,-0.3341,0.5152,0.7132,-0.1257,-0.6896,1765783825112,20251215T071853Z_bcb7c3e
1765783811312,649.095,0.3044,-0.3341,0.5152,0.7133,-0.1255,-0.6896,1765783825112,20251215T071853Z_bcb7c3e
1765783811327,649.111,0.3044,-0.3342,0.5152,0.7133,-0.1254,-0.6896,1765783825112,20251215T071853Z_bcb7c3e
1765783811345,649.128,0.3044,-0.3342,0.5151,0.7132,-0.1255,-0.6897,1765783825112,20251215T071853Z_bcb7c3e
1765783811360,649.144,0.3044,-0.3342,0.5151,0.7133,-0.1256,-0.6895,1765783825112,20251215T071853Z_bcb7c3e
1765783811377,649.161,0.3044,-0.3341,0.5151,0.7132,-0.1255,-0.6896,1765783825112,20251215T071853Z_bcb7c3e
1765783811394,649.178,0.3045,-0.3342,0.5152,0.7133,-0.1254,-0.6896,1765783825112,20251215T071853Z_bcb7c3e
1765783811412,649.195,0.3045,-0.3342,0.5151,0.7132,-0.1254,-0.6897,1765783825112,20251215T071853Z_bcb7c3e
1765783811427,649.211,0.3044,-0.3342,0.5151,0.7132,-0.1257,-0.6896,1765783825112,20251215T071853Z_bcb7c3e
1765783811444,649.228,0.3044,-0.3342,0.5151,0.7132,-0.1256,-0.6896,1765783825112,20251215T071853Z_bcb7c3e
1765783811461,649.244,0.3044,-0.3341,0.5151,0.7132,-0.1255,-0.6896,1765783825112,20251215T071853Z_bcb7c3e
1765783811477,649.261,0.3044,-0.3342,0.5151,0.7133,-0.1254,-0.6896,1765783825112,20251215T071853Z_bcb7c3e
1765783811495,649.279,0.3045,-0.3342,0.5151,0.7132,-0.1254,-0.6896,1765783825112,20251215T071853Z_bcb7c3e
1765783811510,649.294,0.3044,-0.3342,0.515,0.7132,-0.1257,-0.6896,1765783825112,20251215T071853Z_bcb7c3e
1765783811528,649.311,0.3044,-0.3342,0.5151,0.7132,-0.1256,-0.6896,1765783825112,20251215T071853Z_bcb7c3e
1765783811547,649.33,0.3044,-0.3341,0.5151,0.7133,-0.1254,-0.6896,1765783825112,20251215T071853Z_bcb7c3e
1765783811561,649.344,0.3045,-0.3342,0.515,0.7132,-0.1252,-0.6897,1765783825112,20251215T071853Z_bcb7c3e
1765783811577,649.361,0.3045,-0.3342,0.515,0.7132,-0.1254,-0.6896,1765783825112,20251215T071853Z_bcb7c3e
1765783811596,649.38,0.3045,-0.3342,0.515,0.7132,-0.1257,-0.6896,1765783825112,20251215T071853Z_bcb7c3e
1765783811614,649.397,0.3044,-0.3342,0.5151,0.7132,-0.1256,-0.6896,1765783825112,20251215T071853Z_bcb7c3e
1765783811629,649.413,0.3044,-0.3342,0.5151,0.7133,-0.1253,-0.6896,1765783825112,20251215T071853Z_bcb7c3e
1765783811646,649.43,0.3045,-0.3342,0.5151,0.7132,-0.1253,-0.6896,1765783825112,20251215T071853Z_bcb7c3e
1765783811663,649.447,0.3045,-0.3342,0.515,0.7132,-0.1255,-0.6896,1765783825112,20251215T071853Z_bcb7c3e
1765783811679,649.463,0.3045,-0.3341,0.5151,0.7132,-0.1257,-0.6896,1765783825112,20251215T071853Z_bcb7c3e
1765783811697,649.481,0.3045,-0.3341,0.5151,0.7132,-0.1255,-0.6896,1765783825112,20251215T071853Z_bcb7c3e
1765783811712,649.496,0.3045,-0.3342,0.515,0.7133,-0.1252,-0.6896,1765783825112,20251215T071853Z_bcb7c3e
1765783811730,649.513,0.3045,-0.3342,0.515,0.7132,-0.1252,-0.6897,1765783825112,20251215T071853Z_bcb7c3e
1765783811746,649.53,0.3045,-0.3342,0.515,0.7132,-0.1256,-0.6896,1765783825112,20251215T071853Z_bcb7c3e
1765783811764,649.547,0.3045,-0.3341,0.5151,0.7132,-0.1256,-0.6896,1765783825112,20251215T071853Z_bcb7c3e
1765783811778,649.562,0.3045,-0.3341,0.5151,0.7133,-0.1252,-0.6896,1765783825112,20251215T071853Z_bcb7c3e
1765783811797,649.58,0.3045,-0.3342,0.5151,0.7132,-0.1251,-0.6897,1765783825112,20251215T071853Z_bcb7c3e
1765783811813,649.597,0.3045,-0.3342,0.515,0.7132,-0.1253,-0.6896,1765783825112,20251215T071853Z_bcb7c3e
1765783811831,649.614,0.3045,-0.3342,0.515,0.7132,-0.1256,-0.6896,1765783825112,20251215T071853Z_bcb7c3e
1765783811846,649.63,0.3045,-0.3341,0.5152,0.7133,-0.1254,-0.6896,1765783825112,20251215T071853Z_bcb7c3e
1765783811866,649.65,0.3045,-0.3342,0.5152,0.7132,-0.1251,-0.6897,1765783825112,20251215T071853Z_bcb7c3e
1765783811879,649.663,0.3045,-0.3342,0.5151,0.7132,-0.125,-0.6897,1765783825112,20251215T071853Z_bcb7c3e
1765783811896,649.68,0.3045,-0.3342,0.5151,0.7132,-0.1253,-0.6896,1765783825112,20251215T071853Z_bcb7c3e
1765783811914,649.698,0.3045,-0.3342,0.5151,0.7132,-0.1256,-0.6896,1765783825112,20251215T071853Z_bcb7c3e
1765783811929,649.713,0.3045,-0.3342,0.5151,0.7132,-0.1254,-0.6896,1765783825112,20251215T071853Z_bcb7c3e
1765783811946,649.729,0.3045,-0.3342,0.5151,0.7132,-0.125,-0.6897,1765783825112,20251215T071853Z_bcb7c3e
1765783811962,649.746,0.3045,-0.3342,0.5151,0.7132,-0.1249,-0.6897,1765783825112,20251215T071853Z_bcb7c3e
1765783811980,649.763,0.3046,-0.3342,0.515,0.7131,-0.1253,-0.6897,1765783825112,20251215T071853Z_bcb7c3e
1765783811997,649.781,0.3045,-0.3342,0.5151,0.7132,-0.1256,-0.6897,1765783825112,20251215T071853Z_bcb7c3e
1765783812014,649.797,0.3045,-0.3342,0.5152,0.7132,-0.1253,-0.6896,1765783825112,20251215T071853Z_bcb7c3e
1765783812030,649.814,0.3045,-0.3342,0.5151,0.7132,-0.125,-0.6898,1765783825112,20251215T071853Z_bcb7c3e
1765783812047,649.83,0.3045,-0.3343,0.5151,0.7132,-0.1248,-0.6897,1765783825112,20251215T071853Z_bcb7c3e
1765783812063,649.847,0.3045,-0.3343,0.5151,0.7132,-0.1252,-0.6897,1765783825112,20251215T071853Z_bcb7c3e
1765783812080,649.863,0.3045,-0.3342,0.5151,0.7133,-0.1255,-0.6896,1765783825112,20251215T071853Z_bcb7c3e
1765783812097,649.881,0.3044,-0.3343,0.5152,0.7132,-0.1254,-0.6896,1765783825112,20251215T071853Z_bcb7c3e
1765783812115,649.898,0.3045,-0.3343,0.5152,0.7133,-0.125,-0.6897,1765783825112,20251215T071853Z_bcb7c3e
1765783812131,649.915,0.3045,-0.3342,0.5151,0.7132,-0.1249,-0.6897,1765783825112,20251215T071853Z_bcb7c3e
1765783812149,649.933,0.3046,-0.3342,0.5151,0.7133,-0.1251,-0.6896,1765783825112,20251215T071853Z_bcb7c3e
1765783812162,649.945,0.3045,-0.3343,0.5151,0.7133,-0.1253,-0.6896,1765783825112,20251215T071853Z_bcb7c3e
1765783812178,649.962,0.3045,-0.3343,0.5152,0.7132,-0.1254,-0.6896,1765783825112,20251215T071853Z_bcb7c3e
1765783812194,649.978,0.3044,-0.3343,0.5152,0.7132,-0.1252,-0.6897,1765783825112,20251215T071853Z_bcb7c3e
1765783812217,650.001,0.3044,-0.3342,0.5151,0.7133,-0.125,-0.6897,1765783825112,20251215T071853Z_bcb7c3e
